<?xml version="1.0" encoding="UTF-8"?>
<project-private xmlns="http://www.netbeans.org/ns/project-private/1">
    <editor-bookmarks xmlns="http://www.netbeans.org/ns/editor-bookmarks/2" lastBookmarkId="0"/>
    <open-files xmlns="http://www.netbeans.org/ns/projectui-open-files/2">
        <group>
            <file>file:/C:/Users/atell/Documents/NetBeansProjects/AgendaContatos/src/agendacontatos/TiposGerais.java</file>
            <file>file:/C:/Users/atell/Documents/NetBeansProjects/AgendaContatos/src/agendacontatos/AgendaMain.java</file>
            <file>file:/C:/Users/atell/Documents/NetBeansProjects/AgendaContatos/src/agendacontatos/Email.java</file>
            <file>file:/C:/Users/atell/Documents/NetBeansProjects/AgendaContatos/src/agendacontatos/Registro.java</file>
            <file>file:/C:/Users/atell/Documents/NetBeansProjects/AgendaContatos/src/agendacontatos/BancoDeDadosSimulacao.java</file>
            <file>file:/C:/Users/atell/Documents/NetBeansProjects/AgendaContatos/src/agendacontatos/Telefone.java</file>
            <file>file:/C:/Users/atell/Documents/NetBeansProjects/AgendaContatos/src/agendacontatos/Endereco.java</file>
            <file>file:/C:/Users/atell/Documents/NetBeansProjects/AgendaContatos/src/agendacontatos/Pessoa.java</file>
        </group>
    </open-files>
</project-private>
